{
  "code": 200,
  "status": "OK",
  "data": [
    {
      "timings": {
        "Fajr": "06:08 (+05)",
        "Sunrise": "07:29 (+05)",
        "Dhuhr": "12:12 (+05)",
        "Asr": "15:14 (+05)",
        "Sunset": "16:55 (+05)",
        "Maghrib": "16:55 (+05)",
        "Isha": "18:16 (+05)",
        "Imsak": "05:58 (+05)",
        "Midnight": "00:12 (+05)"
      },
      "date": {
        "readable": "01 Dec 2020",
        "timestamp": "1606795261",
        "gregorian": {
          "date": "01-12-2020",
          "format": "DD-MM-YYYY",
          "day": "01",
          "weekday": {
            "en": "Tuesday"
          },
          "month": {
            "number": 12,
            "en": "December"
          },
          "year": "2020",
          "designation": {
            "abbreviated": "AD",
            "expanded": "Anno Domini"
          }
        },
        "hijri": {
          "date": "15-04-1442",
          "format": "DD-MM-YYYY",
          "day": "15",
          "weekday": {
            "en": "Al Thalaata",
            "ar": "الثلاثاء"
          },
          "month": {
            "number": 4,
            "en": "Rabīʿ al-thānī",
            "ar": "رَبيع الثاني"
          },
          "year": "1442",
          "designation": {
            "abbreviated": "AH",
            "expanded": "Anno Hegirae"
          },
          "holidays": []
        }
      },
      "meta": {
        "latitude": 41.300398700358386,
        "longitude": 69.24361426456768,
        "timezone": "Asia/Tashkent",
        "method": {
          "id": 2,
          "name": "Islamic Society of North America (ISNA)",
          "params": {
            "Fajr": 15,
            "Isha": 15
          }
        },
        "latitudeAdjustmentMethod": "ANGLE_BASED",
        "midnightMode": "STANDARD",
        "school": "HANAFI",
        "offset": {
          "Imsak": 0,
          "Fajr": 0,
          "Sunrise": 0,
          "Dhuhr": 0,
          "Asr": 0,
          "Maghrib": 0,
          "Sunset": 0,
          "Isha": 0,
          "Midnight": 0
        }
      }
    },
    {
      "timings": {
        "Fajr": "06:09 (+05)",
        "Sunrise": "07:30 (+05)",
        "Dhuhr": "12:13 (+05)",
        "Asr": "15:14 (+05)",
        "Sunset": "16:54 (+05)",
        "Maghrib": "16:54 (+05)",
        "Isha": "18:16 (+05)",
        "Imsak": "05:59 (+05)",
        "Midnight": "00:12 (+05)"
      },
      "date": {
        "readable": "02 Dec 2020",
        "timestamp": "1606881661",
        "gregorian": {
          "date": "02-12-2020",
          "format": "DD-MM-YYYY",
          "day": "02",
          "weekday": {
            "en": "Wednesday"
          },
          "month": {
            "number": 12,
            "en": "December"
          },
          "year": "2020",
          "designation": {
            "abbreviated": "AD",
            "expanded": "Anno Domini"
          }
        },
        "hijri": {
          "date": "16-04-1442",
          "format": "DD-MM-YYYY",
          "day": "16",
          "weekday": {
            "en": "Al Arba'a",
            "ar": "الاربعاء"
          },
          "month": {
            "number": 4,
            "en": "Rabīʿ al-thānī",
            "ar": "رَبيع الثاني"
          },
          "year": "1442",
          "designation": {
            "abbreviated": "AH",
            "expanded": "Anno Hegirae"
          },
          "holidays": []
        }
      },
      "meta": {
        "latitude": 41.300398700358386,
        "longitude": 69.24361426456768,
        "timezone": "Asia/Tashkent",
        "method": {
          "id": 2,
          "name": "Islamic Society of North America (ISNA)",
          "params": {
            "Fajr": 15,
            "Isha": 15
          }
        },
        "latitudeAdjustmentMethod": "ANGLE_BASED",
        "midnightMode": "STANDARD",
        "school": "HANAFI",
        "offset": {
          "Imsak": 0,
          "Fajr": 0,
          "Sunrise": 0,
          "Dhuhr": 0,
          "Asr": 0,
          "Maghrib": 0,
          "Sunset": 0,
          "Isha": 0,
          "Midnight": 0
        }
      }
    },
    {
      "timings": {
        "Fajr": "06:09 (+05)",
        "Sunrise": "07:31 (+05)",
        "Dhuhr": "12:13 (+05)",
        "Asr": "15:13 (+05)",
        "Sunset": "16:54 (+05)",
        "Maghrib": "16:54 (+05)",
        "Isha": "18:16 (+05)",
        "Imsak": "05:59 (+05)",
        "Midnight": "00:13 (+05)"
      },
      "date": {
        "readable": "03 Dec 2020",
        "timestamp": "1606968061",
        "gregorian": {
          "date": "03-12-2020",
          "format": "DD-MM-YYYY",
          "day": "03",
          "weekday": {
            "en": "Thursday"
          },
          "month": {
            "number": 12,
            "en": "December"
          },
          "year": "2020",
          "designation": {
            "abbreviated": "AD",
            "expanded": "Anno Domini"
          }
        },
        "hijri": {
          "date": "17-04-1442",
          "format": "DD-MM-YYYY",
          "day": "17",
          "weekday": {
            "en": "Al Khamees",
            "ar": "الخميس"
          },
          "month": {
            "number": 4,
            "en": "Rabīʿ al-thānī",
            "ar": "رَبيع الثاني"
          },
          "year": "1442",
          "designation": {
            "abbreviated": "AH",
            "expanded": "Anno Hegirae"
          },
          "holidays": []
        }
      },
      "meta": {
        "latitude": 41.300398700358386,
        "longitude": 69.24361426456768,
        "timezone": "Asia/Tashkent",
        "method": {
          "id": 2,
          "name": "Islamic Society of North America (ISNA)",
          "params": {
            "Fajr": 15,
            "Isha": 15
          }
        },
        "latitudeAdjustmentMethod": "ANGLE_BASED",
        "midnightMode": "STANDARD",
        "school": "HANAFI",
        "offset": {
          "Imsak": 0,
          "Fajr": 0,
          "Sunrise": 0,
          "Dhuhr": 0,
          "Asr": 0,
          "Maghrib": 0,
          "Sunset": 0,
          "Isha": 0,
          "Midnight": 0
        }
      }
    },
    {
      "timings": {
        "Fajr": "06:10 (+05)",
        "Sunrise": "07:32 (+05)",
        "Dhuhr": "12:13 (+05)",
        "Asr": "15:13 (+05)",
        "Sunset": "16:54 (+05)",
        "Maghrib": "16:54 (+05)",
        "Isha": "18:16 (+05)",
        "Imsak": "06:00 (+05)",
        "Midnight": "00:13 (+05)"
      },
      "date": {
        "readable": "04 Dec 2020",
        "timestamp": "1607054461",
        "gregorian": {
          "date": "04-12-2020",
          "format": "DD-MM-YYYY",
          "day": "04",
          "weekday": {
            "en": "Friday"
          },
          "month": {
            "number": 12,
            "en": "December"
          },
          "year": "2020",
          "designation": {
            "abbreviated": "AD",
            "expanded": "Anno Domini"
          }
        },
        "hijri": {
          "date": "18-04-1442",
          "format": "DD-MM-YYYY",
          "day": "18",
          "weekday": {
            "en": "Al Juma'a",
            "ar": "الجمعة"
          },
          "month": {
            "number": 4,
            "en": "Rabīʿ al-thānī",
            "ar": "رَبيع الثاني"
          },
          "year": "1442",
          "designation": {
            "abbreviated": "AH",
            "expanded": "Anno Hegirae"
          },
          "holidays": []
        }
      },
      "meta": {
        "latitude": 41.300398700358386,
        "longitude": 69.24361426456768,
        "timezone": "Asia/Tashkent",
        "method": {
          "id": 2,
          "name": "Islamic Society of North America (ISNA)",
          "params": {
            "Fajr": 15,
            "Isha": 15
          }
        },
        "latitudeAdjustmentMethod": "ANGLE_BASED",
        "midnightMode": "STANDARD",
        "school": "HANAFI",
        "offset": {
          "Imsak": 0,
          "Fajr": 0,
          "Sunrise": 0,
          "Dhuhr": 0,
          "Asr": 0,
          "Maghrib": 0,
          "Sunset": 0,
          "Isha": 0,
          "Midnight": 0
        }
      }
    },
    {
      "timings": {
        "Fajr": "06:11 (+05)",
        "Sunrise": "07:33 (+05)",
        "Dhuhr": "12:14 (+05)",
        "Asr": "15:13 (+05)",
        "Sunset": "16:54 (+05)",
        "Maghrib": "16:54 (+05)",
        "Isha": "18:16 (+05)",
        "Imsak": "06:01 (+05)",
        "Midnight": "00:14 (+05)"
      },
      "date": {
        "readable": "05 Dec 2020",
        "timestamp": "1607140861",
        "gregorian": {
          "date": "05-12-2020",
          "format": "DD-MM-YYYY",
          "day": "05",
          "weekday": {
            "en": "Saturday"
          },
          "month": {
            "number": 12,
            "en": "December"
          },
          "year": "2020",
          "designation": {
            "abbreviated": "AD",
            "expanded": "Anno Domini"
          }
        },
        "hijri": {
          "date": "19-04-1442",
          "format": "DD-MM-YYYY",
          "day": "19",
          "weekday": {
            "en": "Al Sabt",
            "ar": "السبت"
          },
          "month": {
            "number": 4,
            "en": "Rabīʿ al-thānī",
            "ar": "رَبيع الثاني"
          },
          "year": "1442",
          "designation": {
            "abbreviated": "AH",
            "expanded": "Anno Hegirae"
          },
          "holidays": []
        }
      },
      "meta": {
        "latitude": 41.300398700358386,
        "longitude": 69.24361426456768,
        "timezone": "Asia/Tashkent",
        "method": {
          "id": 2,
          "name": "Islamic Society of North America (ISNA)",
          "params": {
            "Fajr": 15,
            "Isha": 15
          }
        },
        "latitudeAdjustmentMethod": "ANGLE_BASED",
        "midnightMode": "STANDARD",
        "school": "HANAFI",
        "offset": {
          "Imsak": 0,
          "Fajr": 0,
          "Sunrise": 0,
          "Dhuhr": 0,
          "Asr": 0,
          "Maghrib": 0,
          "Sunset": 0,
          "Isha": 0,
          "Midnight": 0
        }
      }
    },
    {
      "timings": {
        "Fajr": "06:12 (+05)",
        "Sunrise": "07:34 (+05)",
        "Dhuhr": "12:14 (+05)",
        "Asr": "15:13 (+05)",
        "Sunset": "16:54 (+05)",
        "Maghrib": "16:54 (+05)",
        "Isha": "18:16 (+05)",
        "Imsak": "06:02 (+05)",
        "Midnight": "00:14 (+05)"
      },
      "date": {
        "readable": "06 Dec 2020",
        "timestamp": "1607227261",
        "gregorian": {
          "date": "06-12-2020",
          "format": "DD-MM-YYYY",
          "day": "06",
          "weekday": {
            "en": "Sunday"
          },
          "month": {
            "number": 12,
            "en": "December"
          },
          "year": "2020",
          "designation": {
            "abbreviated": "AD",
            "expanded": "Anno Domini"
          }
        },
        "hijri": {
          "date": "20-04-1442",
          "format": "DD-MM-YYYY",
          "day": "20",
          "weekday": {
            "en": "Al Ahad",
            "ar": "الاحد"
          },
          "month": {
            "number": 4,
            "en": "Rabīʿ al-thānī",
            "ar": "رَبيع الثاني"
          },
          "year": "1442",
          "designation": {
            "abbreviated": "AH",
            "expanded": "Anno Hegirae"
          },
          "holidays": []
        }
      },
      "meta": {
        "latitude": 41.300398700358386,
        "longitude": 69.24361426456768,
        "timezone": "Asia/Tashkent",
        "method": {
          "id": 2,
          "name": "Islamic Society of North America (ISNA)",
          "params": {
            "Fajr": 15,
            "Isha": 15
          }
        },
        "latitudeAdjustmentMethod": "ANGLE_BASED",
        "midnightMode": "STANDARD",
        "school": "HANAFI",
        "offset": {
          "Imsak": 0,
          "Fajr": 0,
          "Sunrise": 0,
          "Dhuhr": 0,
          "Asr": 0,
          "Maghrib": 0,
          "Sunset": 0,
          "Isha": 0,
          "Midnight": 0
        }
      }
    },
    {
      "timings": {
        "Fajr": "06:13 (+05)",
        "Sunrise": "07:35 (+05)",
        "Dhuhr": "12:15 (+05)",
        "Asr": "15:13 (+05)",
        "Sunset": "16:54 (+05)",
        "Maghrib": "16:54 (+05)",
        "Isha": "18:16 (+05)",
        "Imsak": "06:03 (+05)",
        "Midnight": "00:14 (+05)"
      },
      "date": {
        "readable": "07 Dec 2020",
        "timestamp": "1607313661",
        "gregorian": {
          "date": "07-12-2020",
          "format": "DD-MM-YYYY",
          "day": "07",
          "weekday": {
            "en": "Monday"
          },
          "month": {
            "number": 12,
            "en": "December"
          },
          "year": "2020",
          "designation": {
            "abbreviated": "AD",
            "expanded": "Anno Domini"
          }
        },
        "hijri": {
          "date": "21-04-1442",
          "format": "DD-MM-YYYY",
          "day": "21",
          "weekday": {
            "en": "Al Athnayn",
            "ar": "الاثنين"
          },
          "month": {
            "number": 4,
            "en": "Rabīʿ al-thānī",
            "ar": "رَبيع الثاني"
          },
          "year": "1442",
          "designation": {
            "abbreviated": "AH",
            "expanded": "Anno Hegirae"
          },
          "holidays": []
        }
      },
      "meta": {
        "latitude": 41.300398700358386,
        "longitude": 69.24361426456768,
        "timezone": "Asia/Tashkent",
        "method": {
          "id": 2,
          "name": "Islamic Society of North America (ISNA)",
          "params": {
            "Fajr": 15,
            "Isha": 15
          }
        },
        "latitudeAdjustmentMethod": "ANGLE_BASED",
        "midnightMode": "STANDARD",
        "school": "HANAFI",
        "offset": {
          "Imsak": 0,
          "Fajr": 0,
          "Sunrise": 0,
          "Dhuhr": 0,
          "Asr": 0,
          "Maghrib": 0,
          "Sunset": 0,
          "Isha": 0,
          "Midnight": 0
        }
      }
    },
    {
      "timings": {
        "Fajr": "06:14 (+05)",
        "Sunrise": "07:36 (+05)",
        "Dhuhr": "12:15 (+05)",
        "Asr": "15:13 (+05)",
        "Sunset": "16:54 (+05)",
        "Maghrib": "16:54 (+05)",
        "Isha": "18:16 (+05)",
        "Imsak": "06:04 (+05)",
        "Midnight": "00:15 (+05)"
      },
      "date": {
        "readable": "08 Dec 2020",
        "timestamp": "1607400061",
        "gregorian": {
          "date": "08-12-2020",
          "format": "DD-MM-YYYY",
          "day": "08",
          "weekday": {
            "en": "Tuesday"
          },
          "month": {
            "number": 12,
            "en": "December"
          },
          "year": "2020",
          "designation": {
            "abbreviated": "AD",
            "expanded": "Anno Domini"
          }
        },
        "hijri": {
          "date": "22-04-1442",
          "format": "DD-MM-YYYY",
          "day": "22",
          "weekday": {
            "en": "Al Thalaata",
            "ar": "الثلاثاء"
          },
          "month": {
            "number": 4,
            "en": "Rabīʿ al-thānī",
            "ar": "رَبيع الثاني"
          },
          "year": "1442",
          "designation": {
            "abbreviated": "AH",
            "expanded": "Anno Hegirae"
          },
          "holidays": []
        }
      },
      "meta": {
        "latitude": 41.300398700358386,
        "longitude": 69.24361426456768,
        "timezone": "Asia/Tashkent",
        "method": {
          "id": 2,
          "name": "Islamic Society of North America (ISNA)",
          "params": {
            "Fajr": 15,
            "Isha": 15
          }
        },
        "latitudeAdjustmentMethod": "ANGLE_BASED",
        "midnightMode": "STANDARD",
        "school": "HANAFI",
        "offset": {
          "Imsak": 0,
          "Fajr": 0,
          "Sunrise": 0,
          "Dhuhr": 0,
          "Asr": 0,
          "Maghrib": 0,
          "Sunset": 0,
          "Isha": 0,
          "Midnight": 0
        }
      }
    },
    {
      "timings": {
        "Fajr": "06:14 (+05)",
        "Sunrise": "07:37 (+05)",
        "Dhuhr": "12:15 (+05)",
        "Asr": "15:13 (+05)",
        "Sunset": "16:54 (+05)",
        "Maghrib": "16:54 (+05)",
        "Isha": "18:16 (+05)",
        "Imsak": "06:04 (+05)",
        "Midnight": "00:15 (+05)"
      },
      "date": {
        "readable": "09 Dec 2020",
        "timestamp": "1607486461",
        "gregorian": {
          "date": "09-12-2020",
          "format": "DD-MM-YYYY",
          "day": "09",
          "weekday": {
            "en": "Wednesday"
          },
          "month": {
            "number": 12,
            "en": "December"
          },
          "year": "2020",
          "designation": {
            "abbreviated": "AD",
            "expanded": "Anno Domini"
          }
        },
        "hijri": {
          "date": "23-04-1442",
          "format": "DD-MM-YYYY",
          "day": "23",
          "weekday": {
            "en": "Al Arba'a",
            "ar": "الاربعاء"
          },
          "month": {
            "number": 4,
            "en": "Rabīʿ al-thānī",
            "ar": "رَبيع الثاني"
          },
          "year": "1442",
          "designation": {
            "abbreviated": "AH",
            "expanded": "Anno Hegirae"
          },
          "holidays": []
        }
      },
      "meta": {
        "latitude": 41.300398700358386,
        "longitude": 69.24361426456768,
        "timezone": "Asia/Tashkent",
        "method": {
          "id": 2,
          "name": "Islamic Society of North America (ISNA)",
          "params": {
            "Fajr": 15,
            "Isha": 15
          }
        },
        "latitudeAdjustmentMethod": "ANGLE_BASED",
        "midnightMode": "STANDARD",
        "school": "HANAFI",
        "offset": {
          "Imsak": 0,
          "Fajr": 0,
          "Sunrise": 0,
          "Dhuhr": 0,
          "Asr": 0,
          "Maghrib": 0,
          "Sunset": 0,
          "Isha": 0,
          "Midnight": 0
        }
      }
    },
    {
      "timings": {
        "Fajr": "06:15 (+05)",
        "Sunrise": "07:38 (+05)",
        "Dhuhr": "12:16 (+05)",
        "Asr": "15:13 (+05)",
        "Sunset": "16:54 (+05)",
        "Maghrib": "16:54 (+05)",
        "Isha": "18:16 (+05)",
        "Imsak": "06:05 (+05)",
        "Midnight": "00:16 (+05)"
      },
      "date": {
        "readable": "10 Dec 2020",
        "timestamp": "1607572861",
        "gregorian": {
          "date": "10-12-2020",
          "format": "DD-MM-YYYY",
          "day": "10",
          "weekday": {
            "en": "Thursday"
          },
          "month": {
            "number": 12,
            "en": "December"
          },
          "year": "2020",
          "designation": {
            "abbreviated": "AD",
            "expanded": "Anno Domini"
          }
        },
        "hijri": {
          "date": "24-04-1442",
          "format": "DD-MM-YYYY",
          "day": "24",
          "weekday": {
            "en": "Al Khamees",
            "ar": "الخميس"
          },
          "month": {
            "number": 4,
            "en": "Rabīʿ al-thānī",
            "ar": "رَبيع الثاني"
          },
          "year": "1442",
          "designation": {
            "abbreviated": "AH",
            "expanded": "Anno Hegirae"
          },
          "holidays": []
        }
      },
      "meta": {
        "latitude": 41.300398700358386,
        "longitude": 69.24361426456768,
        "timezone": "Asia/Tashkent",
        "method": {
          "id": 2,
          "name": "Islamic Society of North America (ISNA)",
          "params": {
            "Fajr": 15,
            "Isha": 15
          }
        },
        "latitudeAdjustmentMethod": "ANGLE_BASED",
        "midnightMode": "STANDARD",
        "school": "HANAFI",
        "offset": {
          "Imsak": 0,
          "Fajr": 0,
          "Sunrise": 0,
          "Dhuhr": 0,
          "Asr": 0,
          "Maghrib": 0,
          "Sunset": 0,
          "Isha": 0,
          "Midnight": 0
        }
      }
    },
    {
      "timings": {
        "Fajr": "06:16 (+05)",
        "Sunrise": "07:39 (+05)",
        "Dhuhr": "12:16 (+05)",
        "Asr": "15:13 (+05)",
        "Sunset": "16:54 (+05)",
        "Maghrib": "16:54 (+05)",
        "Isha": "18:17 (+05)",
        "Imsak": "06:06 (+05)",
        "Midnight": "00:16 (+05)"
      },
      "date": {
        "readable": "11 Dec 2020",
        "timestamp": "1607659261",
        "gregorian": {
          "date": "11-12-2020",
          "format": "DD-MM-YYYY",
          "day": "11",
          "weekday": {
            "en": "Friday"
          },
          "month": {
            "number": 12,
            "en": "December"
          },
          "year": "2020",
          "designation": {
            "abbreviated": "AD",
            "expanded": "Anno Domini"
          }
        },
        "hijri": {
          "date": "25-04-1442",
          "format": "DD-MM-YYYY",
          "day": "25",
          "weekday": {
            "en": "Al Juma'a",
            "ar": "الجمعة"
          },
          "month": {
            "number": 4,
            "en": "Rabīʿ al-thānī",
            "ar": "رَبيع الثاني"
          },
          "year": "1442",
          "designation": {
            "abbreviated": "AH",
            "expanded": "Anno Hegirae"
          },
          "holidays": []
        }
      },
      "meta": {
        "latitude": 41.300398700358386,
        "longitude": 69.24361426456768,
        "timezone": "Asia/Tashkent",
        "method": {
          "id": 2,
          "name": "Islamic Society of North America (ISNA)",
          "params": {
            "Fajr": 15,
            "Isha": 15
          }
        },
        "latitudeAdjustmentMethod": "ANGLE_BASED",
        "midnightMode": "STANDARD",
        "school": "HANAFI",
        "offset": {
          "Imsak": 0,
          "Fajr": 0,
          "Sunrise": 0,
          "Dhuhr": 0,
          "Asr": 0,
          "Maghrib": 0,
          "Sunset": 0,
          "Isha": 0,
          "Midnight": 0
        }
      }
    },
    {
      "timings": {
        "Fajr": "06:17 (+05)",
        "Sunrise": "07:40 (+05)",
        "Dhuhr": "12:17 (+05)",
        "Asr": "15:13 (+05)",
        "Sunset": "16:54 (+05)",
        "Maghrib": "16:54 (+05)",
        "Isha": "18:17 (+05)",
        "Imsak": "06:07 (+05)",
        "Midnight": "00:17 (+05)"
      },
      "date": {
        "readable": "12 Dec 2020",
        "timestamp": "1607745661",
        "gregorian": {
          "date": "12-12-2020",
          "format": "DD-MM-YYYY",
          "day": "12",
          "weekday": {
            "en": "Saturday"
          },
          "month": {
            "number": 12,
            "en": "December"
          },
          "year": "2020",
          "designation": {
            "abbreviated": "AD",
            "expanded": "Anno Domini"
          }
        },
        "hijri": {
          "date": "26-04-1442",
          "format": "DD-MM-YYYY",
          "day": "26",
          "weekday": {
            "en": "Al Sabt",
            "ar": "السبت"
          },
          "month": {
            "number": 4,
            "en": "Rabīʿ al-thānī",
            "ar": "رَبيع الثاني"
          },
          "year": "1442",
          "designation": {
            "abbreviated": "AH",
            "expanded": "Anno Hegirae"
          },
          "holidays": []
        }
      },
      "meta": {
        "latitude": 41.300398700358386,
        "longitude": 69.24361426456768,
        "timezone": "Asia/Tashkent",
        "method": {
          "id": 2,
          "name": "Islamic Society of North America (ISNA)",
          "params": {
            "Fajr": 15,
            "Isha": 15
          }
        },
        "latitudeAdjustmentMethod": "ANGLE_BASED",
        "midnightMode": "STANDARD",
        "school": "HANAFI",
        "offset": {
          "Imsak": 0,
          "Fajr": 0,
          "Sunrise": 0,
          "Dhuhr": 0,
          "Asr": 0,
          "Maghrib": 0,
          "Sunset": 0,
          "Isha": 0,
          "Midnight": 0
        }
      }
    },
    {
      "timings": {
        "Fajr": "06:17 (+05)",
        "Sunrise": "07:40 (+05)",
        "Dhuhr": "12:17 (+05)",
        "Asr": "15:13 (+05)",
        "Sunset": "16:54 (+05)",
        "Maghrib": "16:54 (+05)",
        "Isha": "18:17 (+05)",
        "Imsak": "06:07 (+05)",
        "Midnight": "00:17 (+05)"
      },
      "date": {
        "readable": "13 Dec 2020",
        "timestamp": "1607832061",
        "gregorian": {
          "date": "13-12-2020",
          "format": "DD-MM-YYYY",
          "day": "13",
          "weekday": {
            "en": "Sunday"
          },
          "month": {
            "number": 12,
            "en": "December"
          },
          "year": "2020",
          "designation": {
            "abbreviated": "AD",
            "expanded": "Anno Domini"
          }
        },
        "hijri": {
          "date": "27-04-1442",
          "format": "DD-MM-YYYY",
          "day": "27",
          "weekday": {
            "en": "Al Ahad",
            "ar": "الاحد"
          },
          "month": {
            "number": 4,
            "en": "Rabīʿ al-thānī",
            "ar": "رَبيع الثاني"
          },
          "year": "1442",
          "designation": {
            "abbreviated": "AH",
            "expanded": "Anno Hegirae"
          },
          "holidays": []
        }
      },
      "meta": {
        "latitude": 41.300398700358386,
        "longitude": 69.24361426456768,
        "timezone": "Asia/Tashkent",
        "method": {
          "id": 2,
          "name": "Islamic Society of North America (ISNA)",
          "params": {
            "Fajr": 15,
            "Isha": 15
          }
        },
        "latitudeAdjustmentMethod": "ANGLE_BASED",
        "midnightMode": "STANDARD",
        "school": "HANAFI",
        "offset": {
          "Imsak": 0,
          "Fajr": 0,
          "Sunrise": 0,
          "Dhuhr": 0,
          "Asr": 0,
          "Maghrib": 0,
          "Sunset": 0,
          "Isha": 0,
          "Midnight": 0
        }
      }
    },
    {
      "timings": {
        "Fajr": "06:18 (+05)",
        "Sunrise": "07:41 (+05)",
        "Dhuhr": "12:18 (+05)",
        "Asr": "15:14 (+05)",
        "Sunset": "16:54 (+05)",
        "Maghrib": "16:54 (+05)",
        "Isha": "18:17 (+05)",
        "Imsak": "06:08 (+05)",
        "Midnight": "00:18 (+05)"
      },
      "date": {
        "readable": "14 Dec 2020",
        "timestamp": "1607918461",
        "gregorian": {
          "date": "14-12-2020",
          "format": "DD-MM-YYYY",
          "day": "14",
          "weekday": {
            "en": "Monday"
          },
          "month": {
            "number": 12,
            "en": "December"
          },
          "year": "2020",
          "designation": {
            "abbreviated": "AD",
            "expanded": "Anno Domini"
          }
        },
        "hijri": {
          "date": "28-04-1442",
          "format": "DD-MM-YYYY",
          "day": "28",
          "weekday": {
            "en": "Al Athnayn",
            "ar": "الاثنين"
          },
          "month": {
            "number": 4,
            "en": "Rabīʿ al-thānī",
            "ar": "رَبيع الثاني"
          },
          "year": "1442",
          "designation": {
            "abbreviated": "AH",
            "expanded": "Anno Hegirae"
          },
          "holidays": []
        }
      },
      "meta": {
        "latitude": 41.300398700358386,
        "longitude": 69.24361426456768,
        "timezone": "Asia/Tashkent",
        "method": {
          "id": 2,
          "name": "Islamic Society of North America (ISNA)",
          "params": {
            "Fajr": 15,
            "Isha": 15
          }
        },
        "latitudeAdjustmentMethod": "ANGLE_BASED",
        "midnightMode": "STANDARD",
        "school": "HANAFI",
        "offset": {
          "Imsak": 0,
          "Fajr": 0,
          "Sunrise": 0,
          "Dhuhr": 0,
          "Asr": 0,
          "Maghrib": 0,
          "Sunset": 0,
          "Isha": 0,
          "Midnight": 0
        }
      }
    },
    {
      "timings": {
        "Fajr": "06:19 (+05)",
        "Sunrise": "07:42 (+05)",
        "Dhuhr": "12:18 (+05)",
        "Asr": "15:14 (+05)",
        "Sunset": "16:55 (+05)",
        "Maghrib": "16:55 (+05)",
        "Isha": "18:18 (+05)",
        "Imsak": "06:09 (+05)",
        "Midnight": "00:18 (+05)"
      },
      "date": {
        "readable": "15 Dec 2020",
        "timestamp": "1608004861",
        "gregorian": {
          "date": "15-12-2020",
          "format": "DD-MM-YYYY",
          "day": "15",
          "weekday": {
            "en": "Tuesday"
          },
          "month": {
            "number": 12,
            "en": "December"
          },
          "year": "2020",
          "designation": {
            "abbreviated": "AD",
            "expanded": "Anno Domini"
          }
        },
        "hijri": {
          "date": "29-04-1442",
          "format": "DD-MM-YYYY",
          "day": "29",
          "weekday": {
            "en": "Al Thalaata",
            "ar": "الثلاثاء"
          },
          "month": {
            "number": 4,
            "en": "Rabīʿ al-thānī",
            "ar": "رَبيع الثاني"
          },
          "year": "1442",
          "designation": {
            "abbreviated": "AH",
            "expanded": "Anno Hegirae"
          },
          "holidays": []
        }
      },
      "meta": {
        "latitude": 41.300398700358386,
        "longitude": 69.24361426456768,
        "timezone": "Asia/Tashkent",
        "method": {
          "id": 2,
          "name": "Islamic Society of North America (ISNA)",
          "params": {
            "Fajr": 15,
            "Isha": 15
          }
        },
        "latitudeAdjustmentMethod": "ANGLE_BASED",
        "midnightMode": "STANDARD",
        "school": "HANAFI",
        "offset": {
          "Imsak": 0,
          "Fajr": 0,
          "Sunrise": 0,
          "Dhuhr": 0,
          "Asr": 0,
          "Maghrib": 0,
          "Sunset": 0,
          "Isha": 0,
          "Midnight": 0
        }
      }
    },
    {
      "timings": {
        "Fajr": "06:19 (+05)",
        "Sunrise": "07:42 (+05)",
        "Dhuhr": "12:19 (+05)",
        "Asr": "15:14 (+05)",
        "Sunset": "16:55 (+05)",
        "Maghrib": "16:55 (+05)",
        "Isha": "18:18 (+05)",
        "Imsak": "06:09 (+05)",
        "Midnight": "00:19 (+05)"
      },
      "date": {
        "readable": "16 Dec 2020",
        "timestamp": "1608091261",
        "gregorian": {
          "date": "16-12-2020",
          "format": "DD-MM-YYYY",
          "day": "16",
          "weekday": {
            "en": "Wednesday"
          },
          "month": {
            "number": 12,
            "en": "December"
          },
          "year": "2020",
          "designation": {
            "abbreviated": "AD",
            "expanded": "Anno Domini"
          }
        },
        "hijri": {
          "date": "01-05-1442",
          "format": "DD-MM-YYYY",
          "day": "01",
          "weekday": {
            "en": "Al Arba'a",
            "ar": "الاربعاء"
          },
          "month": {
            "number": 5,
            "en": "Jumādá al-ūlá",
            "ar": "جُمادى الأولى"
          },
          "year": "1442",
          "designation": {
            "abbreviated": "AH",
            "expanded": "Anno Hegirae"
          },
          "holidays": []
        }
      },
      "meta": {
        "latitude": 41.300398700358386,
        "longitude": 69.24361426456768,
        "timezone": "Asia/Tashkent",
        "method": {
          "id": 2,
          "name": "Islamic Society of North America (ISNA)",
          "params": {
            "Fajr": 15,
            "Isha": 15
          }
        },
        "latitudeAdjustmentMethod": "ANGLE_BASED",
        "midnightMode": "STANDARD",
        "school": "HANAFI",
        "offset": {
          "Imsak": 0,
          "Fajr": 0,
          "Sunrise": 0,
          "Dhuhr": 0,
          "Asr": 0,
          "Maghrib": 0,
          "Sunset": 0,
          "Isha": 0,
          "Midnight": 0
        }
      }
    },
    {
      "timings": {
        "Fajr": "06:20 (+05)",
        "Sunrise": "07:43 (+05)",
        "Dhuhr": "12:19 (+05)",
        "Asr": "15:14 (+05)",
        "Sunset": "16:55 (+05)",
        "Maghrib": "16:55 (+05)",
        "Isha": "18:18 (+05)",
        "Imsak": "06:10 (+05)",
        "Midnight": "00:19 (+05)"
      },
      "date": {
        "readable": "17 Dec 2020",
        "timestamp": "1608177661",
        "gregorian": {
          "date": "17-12-2020",
          "format": "DD-MM-YYYY",
          "day": "17",
          "weekday": {
            "en": "Thursday"
          },
          "month": {
            "number": 12,
            "en": "December"
          },
          "year": "2020",
          "designation": {
            "abbreviated": "AD",
            "expanded": "Anno Domini"
          }
        },
        "hijri": {
          "date": "02-05-1442",
          "format": "DD-MM-YYYY",
          "day": "02",
          "weekday": {
            "en": "Al Khamees",
            "ar": "الخميس"
          },
          "month": {
            "number": 5,
            "en": "Jumādá al-ūlá",
            "ar": "جُمادى الأولى"
          },
          "year": "1442",
          "designation": {
            "abbreviated": "AH",
            "expanded": "Anno Hegirae"
          },
          "holidays": []
        }
      },
      "meta": {
        "latitude": 41.300398700358386,
        "longitude": 69.24361426456768,
        "timezone": "Asia/Tashkent",
        "method": {
          "id": 2,
          "name": "Islamic Society of North America (ISNA)",
          "params": {
            "Fajr": 15,
            "Isha": 15
          }
        },
        "latitudeAdjustmentMethod": "ANGLE_BASED",
        "midnightMode": "STANDARD",
        "school": "HANAFI",
        "offset": {
          "Imsak": 0,
          "Fajr": 0,
          "Sunrise": 0,
          "Dhuhr": 0,
          "Asr": 0,
          "Maghrib": 0,
          "Sunset": 0,
          "Isha": 0,
          "Midnight": 0
        }
      }
    },
    {
      "timings": {
        "Fajr": "06:21 (+05)",
        "Sunrise": "07:44 (+05)",
        "Dhuhr": "12:20 (+05)",
        "Asr": "15:15 (+05)",
        "Sunset": "16:56 (+05)",
        "Maghrib": "16:56 (+05)",
        "Isha": "18:19 (+05)",
        "Imsak": "06:11 (+05)",
        "Midnight": "00:20 (+05)"
      },
      "date": {
        "readable": "18 Dec 2020",
        "timestamp": "1608264061",
        "gregorian": {
          "date": "18-12-2020",
          "format": "DD-MM-YYYY",
          "day": "18",
          "weekday": {
            "en": "Friday"
          },
          "month": {
            "number": 12,
            "en": "December"
          },
          "year": "2020",
          "designation": {
            "abbreviated": "AD",
            "expanded": "Anno Domini"
          }
        },
        "hijri": {
          "date": "03-05-1442",
          "format": "DD-MM-YYYY",
          "day": "03",
          "weekday": {
            "en": "Al Juma'a",
            "ar": "الجمعة"
          },
          "month": {
            "number": 5,
            "en": "Jumādá al-ūlá",
            "ar": "جُمادى الأولى"
          },
          "year": "1442",
          "designation": {
            "abbreviated": "AH",
            "expanded": "Anno Hegirae"
          },
          "holidays": []
        }
      },
      "meta": {
        "latitude": 41.300398700358386,
        "longitude": 69.24361426456768,
        "timezone": "Asia/Tashkent",
        "method": {
          "id": 2,
          "name": "Islamic Society of North America (ISNA)",
          "params": {
            "Fajr": 15,
            "Isha": 15
          }
        },
        "latitudeAdjustmentMethod": "ANGLE_BASED",
        "midnightMode": "STANDARD",
        "school": "HANAFI",
        "offset": {
          "Imsak": 0,
          "Fajr": 0,
          "Sunrise": 0,
          "Dhuhr": 0,
          "Asr": 0,
          "Maghrib": 0,
          "Sunset": 0,
          "Isha": 0,
          "Midnight": 0
        }
      }
    },
    {
      "timings": {
        "Fajr": "06:21 (+05)",
        "Sunrise": "07:44 (+05)",
        "Dhuhr": "12:20 (+05)",
        "Asr": "15:15 (+05)",
        "Sunset": "16:56 (+05)",
        "Maghrib": "16:56 (+05)",
        "Isha": "18:19 (+05)",
        "Imsak": "06:11 (+05)",
        "Midnight": "00:20 (+05)"
      },
      "date": {
        "readable": "19 Dec 2020",
        "timestamp": "1608350461",
        "gregorian": {
          "date": "19-12-2020",
          "format": "DD-MM-YYYY",
          "day": "19",
          "weekday": {
            "en": "Saturday"
          },
          "month": {
            "number": 12,
            "en": "December"
          },
          "year": "2020",
          "designation": {
            "abbreviated": "AD",
            "expanded": "Anno Domini"
          }
        },
        "hijri": {
          "date": "04-05-1442",
          "format": "DD-MM-YYYY",
          "day": "04",
          "weekday": {
            "en": "Al Sabt",
            "ar": "السبت"
          },
          "month": {
            "number": 5,
            "en": "Jumādá al-ūlá",
            "ar": "جُمادى الأولى"
          },
          "year": "1442",
          "designation": {
            "abbreviated": "AH",
            "expanded": "Anno Hegirae"
          },
          "holidays": []
        }
      },
      "meta": {
        "latitude": 41.300398700358386,
        "longitude": 69.24361426456768,
        "timezone": "Asia/Tashkent",
        "method": {
          "id": 2,
          "name": "Islamic Society of North America (ISNA)",
          "params": {
            "Fajr": 15,
            "Isha": 15
          }
        },
        "latitudeAdjustmentMethod": "ANGLE_BASED",
        "midnightMode": "STANDARD",
        "school": "HANAFI",
        "offset": {
          "Imsak": 0,
          "Fajr": 0,
          "Sunrise": 0,
          "Dhuhr": 0,
          "Asr": 0,
          "Maghrib": 0,
          "Sunset": 0,
          "Isha": 0,
          "Midnight": 0
        }
      }
    },
    {
      "timings": {
        "Fajr": "06:22 (+05)",
        "Sunrise": "07:45 (+05)",
        "Dhuhr": "12:21 (+05)",
        "Asr": "15:16 (+05)",
        "Sunset": "16:57 (+05)",
        "Maghrib": "16:57 (+05)",
        "Isha": "18:20 (+05)",
        "Imsak": "06:12 (+05)",
        "Midnight": "00:21 (+05)"
      },
      "date": {
        "readable": "20 Dec 2020",
        "timestamp": "1608436861",
        "gregorian": {
          "date": "20-12-2020",
          "format": "DD-MM-YYYY",
          "day": "20",
          "weekday": {
            "en": "Sunday"
          },
          "month": {
            "number": 12,
            "en": "December"
          },
          "year": "2020",
          "designation": {
            "abbreviated": "AD",
            "expanded": "Anno Domini"
          }
        },
        "hijri": {
          "date": "05-05-1442",
          "format": "DD-MM-YYYY",
          "day": "05",
          "weekday": {
            "en": "Al Ahad",
            "ar": "الاحد"
          },
          "month": {
            "number": 5,
            "en": "Jumādá al-ūlá",
            "ar": "جُمادى الأولى"
          },
          "year": "1442",
          "designation": {
            "abbreviated": "AH",
            "expanded": "Anno Hegirae"
          },
          "holidays": []
        }
      },
      "meta": {
        "latitude": 41.300398700358386,
        "longitude": 69.24361426456768,
        "timezone": "Asia/Tashkent",
        "method": {
          "id": 2,
          "name": "Islamic Society of North America (ISNA)",
          "params": {
            "Fajr": 15,
            "Isha": 15
          }
        },
        "latitudeAdjustmentMethod": "ANGLE_BASED",
        "midnightMode": "STANDARD",
        "school": "HANAFI",
        "offset": {
          "Imsak": 0,
          "Fajr": 0,
          "Sunrise": 0,
          "Dhuhr": 0,
          "Asr": 0,
          "Maghrib": 0,
          "Sunset": 0,
          "Isha": 0,
          "Midnight": 0
        }
      }
    },
    {
      "timings": {
        "Fajr": "06:22 (+05)",
        "Sunrise": "07:45 (+05)",
        "Dhuhr": "12:21 (+05)",
        "Asr": "15:16 (+05)",
        "Sunset": "16:57 (+05)",
        "Maghrib": "16:57 (+05)",
        "Isha": "18:20 (+05)",
        "Imsak": "06:12 (+05)",
        "Midnight": "00:21 (+05)"
      },
      "date": {
        "readable": "21 Dec 2020",
        "timestamp": "1608523261",
        "gregorian": {
          "date": "21-12-2020",
          "format": "DD-MM-YYYY",
          "day": "21",
          "weekday": {
            "en": "Monday"
          },
          "month": {
            "number": 12,
            "en": "December"
          },
          "year": "2020",
          "designation": {
            "abbreviated": "AD",
            "expanded": "Anno Domini"
          }
        },
        "hijri": {
          "date": "06-05-1442",
          "format": "DD-MM-YYYY",
          "day": "06",
          "weekday": {
            "en": "Al Athnayn",
            "ar": "الاثنين"
          },
          "month": {
            "number": 5,
            "en": "Jumādá al-ūlá",
            "ar": "جُمادى الأولى"
          },
          "year": "1442",
          "designation": {
            "abbreviated": "AH",
            "expanded": "Anno Hegirae"
          },
          "holidays": []
        }
      },
      "meta": {
        "latitude": 41.300398700358386,
        "longitude": 69.24361426456768,
        "timezone": "Asia/Tashkent",
        "method": {
          "id": 2,
          "name": "Islamic Society of North America (ISNA)",
          "params": {
            "Fajr": 15,
            "Isha": 15
          }
        },
        "latitudeAdjustmentMethod": "ANGLE_BASED",
        "midnightMode": "STANDARD",
        "school": "HANAFI",
        "offset": {
          "Imsak": 0,
          "Fajr": 0,
          "Sunrise": 0,
          "Dhuhr": 0,
          "Asr": 0,
          "Maghrib": 0,
          "Sunset": 0,
          "Isha": 0,
          "Midnight": 0
        }
      }
    },
    {
      "timings": {
        "Fajr": "06:23 (+05)",
        "Sunrise": "07:46 (+05)",
        "Dhuhr": "12:22 (+05)",
        "Asr": "15:17 (+05)",
        "Sunset": "16:58 (+05)",
        "Maghrib": "16:58 (+05)",
        "Isha": "18:21 (+05)",
        "Imsak": "06:13 (+05)",
        "Midnight": "00:22 (+05)"
      },
      "date": {
        "readable": "22 Dec 2020",
        "timestamp": "1608609661",
        "gregorian": {
          "date": "22-12-2020",
          "format": "DD-MM-YYYY",
          "day": "22",
          "weekday": {
            "en": "Tuesday"
          },
          "month": {
            "number": 12,
            "en": "December"
          },
          "year": "2020",
          "designation": {
            "abbreviated": "AD",
            "expanded": "Anno Domini"
          }
        },
        "hijri": {
          "date": "07-05-1442",
          "format": "DD-MM-YYYY",
          "day": "07",
          "weekday": {
            "en": "Al Thalaata",
            "ar": "الثلاثاء"
          },
          "month": {
            "number": 5,
            "en": "Jumādá al-ūlá",
            "ar": "جُمادى الأولى"
          },
          "year": "1442",
          "designation": {
            "abbreviated": "AH",
            "expanded": "Anno Hegirae"
          },
          "holidays": []
        }
      },
      "meta": {
        "latitude": 41.300398700358386,
        "longitude": 69.24361426456768,
        "timezone": "Asia/Tashkent",
        "method": {
          "id": 2,
          "name": "Islamic Society of North America (ISNA)",
          "params": {
            "Fajr": 15,
            "Isha": 15
          }
        },
        "latitudeAdjustmentMethod": "ANGLE_BASED",
        "midnightMode": "STANDARD",
        "school": "HANAFI",
        "offset": {
          "Imsak": 0,
          "Fajr": 0,
          "Sunrise": 0,
          "Dhuhr": 0,
          "Asr": 0,
          "Maghrib": 0,
          "Sunset": 0,
          "Isha": 0,
          "Midnight": 0
        }
      }
    },
    {
      "timings": {
        "Fajr": "06:23 (+05)",
        "Sunrise": "07:46 (+05)",
        "Dhuhr": "12:22 (+05)",
        "Asr": "15:17 (+05)",
        "Sunset": "16:58 (+05)",
        "Maghrib": "16:58 (+05)",
        "Isha": "18:21 (+05)",
        "Imsak": "06:13 (+05)",
        "Midnight": "00:22 (+05)"
      },
      "date": {
        "readable": "23 Dec 2020",
        "timestamp": "1608696061",
        "gregorian": {
          "date": "23-12-2020",
          "format": "DD-MM-YYYY",
          "day": "23",
          "weekday": {
            "en": "Wednesday"
          },
          "month": {
            "number": 12,
            "en": "December"
          },
          "year": "2020",
          "designation": {
            "abbreviated": "AD",
            "expanded": "Anno Domini"
          }
        },
        "hijri": {
          "date": "08-05-1442",
          "format": "DD-MM-YYYY",
          "day": "08",
          "weekday": {
            "en": "Al Arba'a",
            "ar": "الاربعاء"
          },
          "month": {
            "number": 5,
            "en": "Jumādá al-ūlá",
            "ar": "جُمادى الأولى"
          },
          "year": "1442",
          "designation": {
            "abbreviated": "AH",
            "expanded": "Anno Hegirae"
          },
          "holidays": []
        }
      },
      "meta": {
        "latitude": 41.300398700358386,
        "longitude": 69.24361426456768,
        "timezone": "Asia/Tashkent",
        "method": {
          "id": 2,
          "name": "Islamic Society of North America (ISNA)",
          "params": {
            "Fajr": 15,
            "Isha": 15
          }
        },
        "latitudeAdjustmentMethod": "ANGLE_BASED",
        "midnightMode": "STANDARD",
        "school": "HANAFI",
        "offset": {
          "Imsak": 0,
          "Fajr": 0,
          "Sunrise": 0,
          "Dhuhr": 0,
          "Asr": 0,
          "Maghrib": 0,
          "Sunset": 0,
          "Isha": 0,
          "Midnight": 0
        }
      }
    },
    {
      "timings": {
        "Fajr": "06:24 (+05)",
        "Sunrise": "07:47 (+05)",
        "Dhuhr": "12:23 (+05)",
        "Asr": "15:18 (+05)",
        "Sunset": "16:59 (+05)",
        "Maghrib": "16:59 (+05)",
        "Isha": "18:22 (+05)",
        "Imsak": "06:14 (+05)",
        "Midnight": "00:23 (+05)"
      },
      "date": {
        "readable": "24 Dec 2020",
        "timestamp": "1608782461",
        "gregorian": {
          "date": "24-12-2020",
          "format": "DD-MM-YYYY",
          "day": "24",
          "weekday": {
            "en": "Thursday"
          },
          "month": {
            "number": 12,
            "en": "December"
          },
          "year": "2020",
          "designation": {
            "abbreviated": "AD",
            "expanded": "Anno Domini"
          }
        },
        "hijri": {
          "date": "09-05-1442",
          "format": "DD-MM-YYYY",
          "day": "09",
          "weekday": {
            "en": "Al Khamees",
            "ar": "الخميس"
          },
          "month": {
            "number": 5,
            "en": "Jumādá al-ūlá",
            "ar": "جُمادى الأولى"
          },
          "year": "1442",
          "designation": {
            "abbreviated": "AH",
            "expanded": "Anno Hegirae"
          },
          "holidays": []
        }
      },
      "meta": {
        "latitude": 41.300398700358386,
        "longitude": 69.24361426456768,
        "timezone": "Asia/Tashkent",
        "method": {
          "id": 2,
          "name": "Islamic Society of North America (ISNA)",
          "params": {
            "Fajr": 15,
            "Isha": 15
          }
        },
        "latitudeAdjustmentMethod": "ANGLE_BASED",
        "midnightMode": "STANDARD",
        "school": "HANAFI",
        "offset": {
          "Imsak": 0,
          "Fajr": 0,
          "Sunrise": 0,
          "Dhuhr": 0,
          "Asr": 0,
          "Maghrib": 0,
          "Sunset": 0,
          "Isha": 0,
          "Midnight": 0
        }
      }
    },
    {
      "timings": {
        "Fajr": "06:24 (+05)",
        "Sunrise": "07:47 (+05)",
        "Dhuhr": "12:23 (+05)",
        "Asr": "15:18 (+05)",
        "Sunset": "16:59 (+05)",
        "Maghrib": "16:59 (+05)",
        "Isha": "18:22 (+05)",
        "Imsak": "06:14 (+05)",
        "Midnight": "00:23 (+05)"
      },
      "date": {
        "readable": "25 Dec 2020",
        "timestamp": "1608868861",
        "gregorian": {
          "date": "25-12-2020",
          "format": "DD-MM-YYYY",
          "day": "25",
          "weekday": {
            "en": "Friday"
          },
          "month": {
            "number": 12,
            "en": "December"
          },
          "year": "2020",
          "designation": {
            "abbreviated": "AD",
            "expanded": "Anno Domini"
          }
        },
        "hijri": {
          "date": "10-05-1442",
          "format": "DD-MM-YYYY",
          "day": "10",
          "weekday": {
            "en": "Al Juma'a",
            "ar": "الجمعة"
          },
          "month": {
            "number": 5,
            "en": "Jumādá al-ūlá",
            "ar": "جُمادى الأولى"
          },
          "year": "1442",
          "designation": {
            "abbreviated": "AH",
            "expanded": "Anno Hegirae"
          },
          "holidays": []
        }
      },
      "meta": {
        "latitude": 41.300398700358386,
        "longitude": 69.24361426456768,
        "timezone": "Asia/Tashkent",
        "method": {
          "id": 2,
          "name": "Islamic Society of North America (ISNA)",
          "params": {
            "Fajr": 15,
            "Isha": 15
          }
        },
        "latitudeAdjustmentMethod": "ANGLE_BASED",
        "midnightMode": "STANDARD",
        "school": "HANAFI",
        "offset": {
          "Imsak": 0,
          "Fajr": 0,
          "Sunrise": 0,
          "Dhuhr": 0,
          "Asr": 0,
          "Maghrib": 0,
          "Sunset": 0,
          "Isha": 0,
          "Midnight": 0
        }
      }
    },
    {
      "timings": {
        "Fajr": "06:25 (+05)",
        "Sunrise": "07:48 (+05)",
        "Dhuhr": "12:24 (+05)",
        "Asr": "15:19 (+05)",
        "Sunset": "17:00 (+05)",
        "Maghrib": "17:00 (+05)",
        "Isha": "18:23 (+05)",
        "Imsak": "06:15 (+05)",
        "Midnight": "00:24 (+05)"
      },
      "date": {
        "readable": "26 Dec 2020",
        "timestamp": "1608955261",
        "gregorian": {
          "date": "26-12-2020",
          "format": "DD-MM-YYYY",
          "day": "26",
          "weekday": {
            "en": "Saturday"
          },
          "month": {
            "number": 12,
            "en": "December"
          },
          "year": "2020",
          "designation": {
            "abbreviated": "AD",
            "expanded": "Anno Domini"
          }
        },
        "hijri": {
          "date": "11-05-1442",
          "format": "DD-MM-YYYY",
          "day": "11",
          "weekday": {
            "en": "Al Sabt",
            "ar": "السبت"
          },
          "month": {
            "number": 5,
            "en": "Jumādá al-ūlá",
            "ar": "جُمادى الأولى"
          },
          "year": "1442",
          "designation": {
            "abbreviated": "AH",
            "expanded": "Anno Hegirae"
          },
          "holidays": []
        }
      },
      "meta": {
        "latitude": 41.300398700358386,
        "longitude": 69.24361426456768,
        "timezone": "Asia/Tashkent",
        "method": {
          "id": 2,
          "name": "Islamic Society of North America (ISNA)",
          "params": {
            "Fajr": 15,
            "Isha": 15
          }
        },
        "latitudeAdjustmentMethod": "ANGLE_BASED",
        "midnightMode": "STANDARD",
        "school": "HANAFI",
        "offset": {
          "Imsak": 0,
          "Fajr": 0,
          "Sunrise": 0,
          "Dhuhr": 0,
          "Asr": 0,
          "Maghrib": 0,
          "Sunset": 0,
          "Isha": 0,
          "Midnight": 0
        }
      }
    },
    {
      "timings": {
        "Fajr": "06:25 (+05)",
        "Sunrise": "07:48 (+05)",
        "Dhuhr": "12:24 (+05)",
        "Asr": "15:20 (+05)",
        "Sunset": "17:01 (+05)",
        "Maghrib": "17:01 (+05)",
        "Isha": "18:24 (+05)",
        "Imsak": "06:15 (+05)",
        "Midnight": "00:24 (+05)"
      },
      "date": {
        "readable": "27 Dec 2020",
        "timestamp": "1609041661",
        "gregorian": {
          "date": "27-12-2020",
          "format": "DD-MM-YYYY",
          "day": "27",
          "weekday": {
            "en": "Sunday"
          },
          "month": {
            "number": 12,
            "en": "December"
          },
          "year": "2020",
          "designation": {
            "abbreviated": "AD",
            "expanded": "Anno Domini"
          }
        },
        "hijri": {
          "date": "12-05-1442",
          "format": "DD-MM-YYYY",
          "day": "12",
          "weekday": {
            "en": "Al Ahad",
            "ar": "الاحد"
          },
          "month": {
            "number": 5,
            "en": "Jumādá al-ūlá",
            "ar": "جُمادى الأولى"
          },
          "year": "1442",
          "designation": {
            "abbreviated": "AH",
            "expanded": "Anno Hegirae"
          },
          "holidays": []
        }
      },
      "meta": {
        "latitude": 41.300398700358386,
        "longitude": 69.24361426456768,
        "timezone": "Asia/Tashkent",
        "method": {
          "id": 2,
          "name": "Islamic Society of North America (ISNA)",
          "params": {
            "Fajr": 15,
            "Isha": 15
          }
        },
        "latitudeAdjustmentMethod": "ANGLE_BASED",
        "midnightMode": "STANDARD",
        "school": "HANAFI",
        "offset": {
          "Imsak": 0,
          "Fajr": 0,
          "Sunrise": 0,
          "Dhuhr": 0,
          "Asr": 0,
          "Maghrib": 0,
          "Sunset": 0,
          "Isha": 0,
          "Midnight": 0
        }
      }
    },
    {
      "timings": {
        "Fajr": "06:25 (+05)",
        "Sunrise": "07:48 (+05)",
        "Dhuhr": "12:25 (+05)",
        "Asr": "15:20 (+05)",
        "Sunset": "17:01 (+05)",
        "Maghrib": "17:01 (+05)",
        "Isha": "18:24 (+05)",
        "Imsak": "06:15 (+05)",
        "Midnight": "00:25 (+05)"
      },
      "date": {
        "readable": "28 Dec 2020",
        "timestamp": "1609128061",
        "gregorian": {
          "date": "28-12-2020",
          "format": "DD-MM-YYYY",
          "day": "28",
          "weekday": {
            "en": "Monday"
          },
          "month": {
            "number": 12,
            "en": "December"
          },
          "year": "2020",
          "designation": {
            "abbreviated": "AD",
            "expanded": "Anno Domini"
          }
        },
        "hijri": {
          "date": "13-05-1442",
          "format": "DD-MM-YYYY",
          "day": "13",
          "weekday": {
            "en": "Al Athnayn",
            "ar": "الاثنين"
          },
          "month": {
            "number": 5,
            "en": "Jumādá al-ūlá",
            "ar": "جُمادى الأولى"
          },
          "year": "1442",
          "designation": {
            "abbreviated": "AH",
            "expanded": "Anno Hegirae"
          },
          "holidays": []
        }
      },
      "meta": {
        "latitude": 41.300398700358386,
        "longitude": 69.24361426456768,
        "timezone": "Asia/Tashkent",
        "method": {
          "id": 2,
          "name": "Islamic Society of North America (ISNA)",
          "params": {
            "Fajr": 15,
            "Isha": 15
          }
        },
        "latitudeAdjustmentMethod": "ANGLE_BASED",
        "midnightMode": "STANDARD",
        "school": "HANAFI",
        "offset": {
          "Imsak": 0,
          "Fajr": 0,
          "Sunrise": 0,
          "Dhuhr": 0,
          "Asr": 0,
          "Maghrib": 0,
          "Sunset": 0,
          "Isha": 0,
          "Midnight": 0
        }
      }
    },
    {
      "timings": {
        "Fajr": "06:25 (+05)",
        "Sunrise": "07:48 (+05)",
        "Dhuhr": "12:25 (+05)",
        "Asr": "15:21 (+05)",
        "Sunset": "17:02 (+05)",
        "Maghrib": "17:02 (+05)",
        "Isha": "18:25 (+05)",
        "Imsak": "06:15 (+05)",
        "Midnight": "00:25 (+05)"
      },
      "date": {
        "readable": "29 Dec 2020",
        "timestamp": "1609214461",
        "gregorian": {
          "date": "29-12-2020",
          "format": "DD-MM-YYYY",
          "day": "29",
          "weekday": {
            "en": "Tuesday"
          },
          "month": {
            "number": 12,
            "en": "December"
          },
          "year": "2020",
          "designation": {
            "abbreviated": "AD",
            "expanded": "Anno Domini"
          }
        },
        "hijri": {
          "date": "14-05-1442",
          "format": "DD-MM-YYYY",
          "day": "14",
          "weekday": {
            "en": "Al Thalaata",
            "ar": "الثلاثاء"
          },
          "month": {
            "number": 5,
            "en": "Jumādá al-ūlá",
            "ar": "جُمادى الأولى"
          },
          "year": "1442",
          "designation": {
            "abbreviated": "AH",
            "expanded": "Anno Hegirae"
          },
          "holidays": []
        }
      },
      "meta": {
        "latitude": 41.300398700358386,
        "longitude": 69.24361426456768,
        "timezone": "Asia/Tashkent",
        "method": {
          "id": 2,
          "name": "Islamic Society of North America (ISNA)",
          "params": {
            "Fajr": 15,
            "Isha": 15
          }
        },
        "latitudeAdjustmentMethod": "ANGLE_BASED",
        "midnightMode": "STANDARD",
        "school": "HANAFI",
        "offset": {
          "Imsak": 0,
          "Fajr": 0,
          "Sunrise": 0,
          "Dhuhr": 0,
          "Asr": 0,
          "Maghrib": 0,
          "Sunset": 0,
          "Isha": 0,
          "Midnight": 0
        }
      }
    },
    {
      "timings": {
        "Fajr": "06:26 (+05)",
        "Sunrise": "07:49 (+05)",
        "Dhuhr": "12:26 (+05)",
        "Asr": "15:22 (+05)",
        "Sunset": "17:03 (+05)",
        "Maghrib": "17:03 (+05)",
        "Isha": "18:26 (+05)",
        "Imsak": "06:16 (+05)",
        "Midnight": "00:26 (+05)"
      },
      "date": {
        "readable": "30 Dec 2020",
        "timestamp": "1609300861",
        "gregorian": {
          "date": "30-12-2020",
          "format": "DD-MM-YYYY",
          "day": "30",
          "weekday": {
            "en": "Wednesday"
          },
          "month": {
            "number": 12,
            "en": "December"
          },
          "year": "2020",
          "designation": {
            "abbreviated": "AD",
            "expanded": "Anno Domini"
          }
        },
        "hijri": {
          "date": "15-05-1442",
          "format": "DD-MM-YYYY",
          "day": "15",
          "weekday": {
            "en": "Al Arba'a",
            "ar": "الاربعاء"
          },
          "month": {
            "number": 5,
            "en": "Jumādá al-ūlá",
            "ar": "جُمادى الأولى"
          },
          "year": "1442",
          "designation": {
            "abbreviated": "AH",
            "expanded": "Anno Hegirae"
          },
          "holidays": []
        }
      },
      "meta": {
        "latitude": 41.300398700358386,
        "longitude": 69.24361426456768,
        "timezone": "Asia/Tashkent",
        "method": {
          "id": 2,
          "name": "Islamic Society of North America (ISNA)",
          "params": {
            "Fajr": 15,
            "Isha": 15
          }
        },
        "latitudeAdjustmentMethod": "ANGLE_BASED",
        "midnightMode": "STANDARD",
        "school": "HANAFI",
        "offset": {
          "Imsak": 0,
          "Fajr": 0,
          "Sunrise": 0,
          "Dhuhr": 0,
          "Asr": 0,
          "Maghrib": 0,
          "Sunset": 0,
          "Isha": 0,
          "Midnight": 0
        }
      }
    },
    {
      "timings": {
        "Fajr": "06:26 (+05)",
        "Sunrise": "07:49 (+05)",
        "Dhuhr": "12:26 (+05)",
        "Asr": "15:22 (+05)",
        "Sunset": "17:04 (+05)",
        "Maghrib": "17:04 (+05)",
        "Isha": "18:26 (+05)",
        "Imsak": "06:16 (+05)",
        "Midnight": "00:26 (+05)"
      },
      "date": {
        "readable": "31 Dec 2020",
        "timestamp": "1609387261",
        "gregorian": {
          "date": "31-12-2020",
          "format": "DD-MM-YYYY",
          "day": "31",
          "weekday": {
            "en": "Thursday"
          },
          "month": {
            "number": 12,
            "en": "December"
          },
          "year": "2020",
          "designation": {
            "abbreviated": "AD",
            "expanded": "Anno Domini"
          }
        },
        "hijri": {
          "date": "16-05-1442",
          "format": "DD-MM-YYYY",
          "day": "16",
          "weekday": {
            "en": "Al Khamees",
            "ar": "الخميس"
          },
          "month": {
            "number": 5,
            "en": "Jumādá al-ūlá",
            "ar": "جُمادى الأولى"
          },
          "year": "1442",
          "designation": {
            "abbreviated": "AH",
            "expanded": "Anno Hegirae"
          },
          "holidays": []
        }
      },
      "meta": {
        "latitude": 41.300398700358386,
        "longitude": 69.24361426456768,
        "timezone": "Asia/Tashkent",
        "method": {
          "id": 2,
          "name": "Islamic Society of North America (ISNA)",
          "params": {
            "Fajr": 15,
            "Isha": 15
          }
        },
        "latitudeAdjustmentMethod": "ANGLE_BASED",
        "midnightMode": "STANDARD",
        "school": "HANAFI",
        "offset": {
          "Imsak": 0,
          "Fajr": 0,
          "Sunrise": 0,
          "Dhuhr": 0,
          "Asr": 0,
          "Maghrib": 0,
          "Sunset": 0,
          "Isha": 0,
          "Midnight": 0
        }
      }
    }
  ]
}